[
  {
    "name": "theme_info",
    "theme_name": "Dropmeta Classic®",
    "theme_author": "dropmeta.com.br",
    "theme_version": "5.3.0",
    "theme_documentation_url": "https://dropmeta.com.br/",
    "theme_support_url": "https://dropmeta.com.br/"
  },
  {
    "name": "Cores",
    "settings": [
      {
        "type": "header",
        "content": "Geral",
        "info": "Dropmeta Classic 5.3.0, lançada em 01/04/2025. A reprodução indevida é crime e está sujeita a DMCA Takedown."
      },
      {
        "type": "color",
        "id": "heading_color",
        "label": "Títulos",
        "default": "#1c1b1b"
      },
      {
        "type": "color",
        "id": "text_color",
        "label": "Corpo dos textos",
        "default": "#677279"
      },
      {
        "type": "color",
        "id": "accent_color",
        "label": "Acento",
        "default": "#00badb"
      },
      {
        "type": "color",
        "id": "link_color",
        "label": "Cor dos links",
        "default": "#838383"
      },
      {
        "type": "color",
        "id": "border_color",
        "label": "Bordas",
        "default": "#e1e3e4"
      },
      {
        "type": "color",
        "id": "background",
        "label": "Background",
        "default": "#f3f5f6"
      },
      {
        "type": "color",
        "id": "secondary_background",
        "label": "Background secundário",
        "info": "Para melhores resultados, o fundo secundário não deve estar muito longe do fundo primário",
        "default": "#ffffff"
      },
      {
        "type": "color",
        "id": "tertiary_background",
        "label": "Background terciário",
        "default": "#f4f5f5"
      },
      {
        "type": "color",
        "id": "error_color",
        "label": "Mensagens de erro",
        "default": "#ff0000"
      },
      {
        "type": "color",
        "id": "success_color",
        "label": "Mensagens de sucesso",
        "default": "#00aa00"
      },
      {
        "type": "header",
        "content": "Botão primário"
      },
      {
        "type": "color",
        "id": "primary_button_background",
        "label": "Background",
        "default": "#00badb"
      },
      {
        "type": "color",
        "id": "primary_button_text_color",
        "label": "Texto",
        "default": "#ffffff"
      },
      {
        "type": "header",
        "content": "Botão de compra"
      },
      {
        "type": "color",
        "id": "btn_primary_color_buy",
        "label": "Background",
        "default": "#12C500"
      },
      {
        "type": "color",
        "id": "btn_primary_color_buy_text",
        "label": "Texto",
        "default": "#FFFFFF"
      },
      {
        "type": "checkbox",
        "id": "active_btn_animation_normal",
        "label": "Animação pulsante",
        "default": true
      },
      {
        "type": "checkbox",
        "id": "active_btn_animation",
        "label": "Animação ao passar o mouse",
        "default": true
      },
      {
        "type": "header",
        "content": "Botão secundário"
      },
      {
        "type": "color",
        "id": "secondary_button_background",
        "label": "Background",
        "default": "#1e2d7d"
      },
      {
        "type": "color",
        "id": "secondary_button_text_color",
        "label": "Texto",
        "default": "#ffffff"
      },
      {
        "type": "header",
        "content": "Rodapé"
      },
      {
        "type": "color",
        "id": "footer_background",
        "label": "Cor do rodapé",
        "default": "#ff0000"
      },
      {
        "type": "color",
        "id": "footer_text_color",
        "label": "Textos do rodapé",
        "default": "#ff0000"
      },
      {
        "type": "header",
        "content": "Cabeçalho"
      },
      {
        "type": "color",
        "id": "header_background",
        "label": "Cor do fundo",
        "default": "#1e2d7d"
      },
      {
        "type": "color",
        "id": "header_text_color",
        "label": "Texto",
        "default": "#ffffff"
      },
      {
        "type": "color",
        "id": "header_light_text_color",
        "label": "Textos secundários",
        "default": "#ffffff"
      },
      {
        "type": "color",
        "id": "color_icons_header",
        "label": "Ícones",
        "default": "#ffffff"
      },
      {
        "type": "color",
        "id": "header_accent_color",
        "label": "Acento",
        "default": "#00badb"
      },
      {
        "type": "header",
        "content": "Menu do cabeçalho"
      },
      {
        "type": "color",
        "id": "header_bar_background",
        "label": "Cor do fundo",
        "default": "#FFFFFF"
      },
      {
        "type": "color",
        "id": "header_bar_text_color",
        "label": "Texto",
        "default": "#4B5464"
      },
      {
        "type": "header",
        "content": "Produtos"
      },
      {
        "type": "color",
        "id": "product_on_sale_accent",
        "label": "Economia - página inicial",
        "default": "#ee0000"
      },
      {
        "type": "color",
        "id": "discount_percentage_background",
        "label": "Economia - página do produto",
        "default": "#ee0000"
      },
      {
        "type": "color",
        "id": "product_cor_do_preco_semdesc",
        "label": "Cor do preço",
        "default": "#1fc06f"
      },
      {
        "type": "color",
        "id": "product_cor_do_preco",
        "label": "Cor do preço com desconto",
        "default": "#1fc06f"
      },
      {
        "type": "color",
        "id": "product_cor_do_preco_riscado",
        "label": "Cor do preço riscado",
        "default": "#1fc06f"
      },
      {
        "type": "color",
        "id": "product_cor_dos_titles",
        "label": "Títulos das informações",
        "default": "#0086ff"
      },
      {
        "type": "color",
        "id": "product_in_stock_color",
        "label": "Em estoque",
        "default": "#00a500"
      },
      {
        "type": "color",
        "id": "product_low_stock_color",
        "label": "Baixo estoque",
        "default": "#ee0000"
      },
      {
        "type": "color",
        "id": "product_sold_out_color",
        "label": "Esgotado",
        "default": "#8a9297"
      }
    ]
  },
  {
    "name": "Layout",
    "settings": [
      {
        "type": "paragraph",
        "content": "Tema original [Dropmeta](https://dropmeta.com.br/tema). Se comprado em sites de terceiros sem licença oficial, estará sujeito a processos judiciais."
      },
      {
        "type": "header",
        "content": "Arredondamento"
      },
      {
        "type": "range",
        "id": "border_radius_theme",
        "min": 0,
        "max": 32,
        "step": 4,
        "unit": "px",
        "label": "Arredondamento do layout",
        "default": 8
      },
      {
        "type": "range",
        "id": "border_radius_btn",
        "min": 0,
        "max": 32,
        "step": 4,
        "unit": "px",
        "label": "Arredondamento dos botões",
        "default": 8
      }
    ]
  },
  {
    "name": "Produtos",
    "settings": [
      {
        "type": "paragraph",
        "content": "Tema original [Dropmeta](https://dropmeta.com.br/tema). Se comprado em sites de terceiros sem licença oficial, estará sujeito a processos judiciais."
      },
      {
        "type": "header",
        "content": "Barra de Frete Grátis"
      },
      {
        "type": "checkbox",
        "id": "mostrar_fretegratis1",
        "label": "Mostrar frete grátis",
        "default": true
      },
      {
        "type": "color",
        "id": "cordabarra",
        "label": "Cor da barra",
        "default": "#ffffff"
      },
      {
        "type": "color",
        "id": "cordotexto",
        "label": "Cor do texto",
        "default": "#ffffff"
      },
      {
        "type": "header",
        "content": "Estrelas"
      },
      {
        "type": "checkbox",
        "id": "mostrar_estrelas_ryviu",
        "label": "Mostrar estrelas Ryviu",
        "default": true
      },
      {
        "type": "checkbox",
        "id": "mostrar_estrelas",
        "label": "Mostrar 5 estrelas",
        "default": true
      },
      {
        "type": "color",
        "id": "corstars",
        "label": "Cor das estrelas",
        "default": "#ffffff"
      },
      {
        "type": "header",
        "content": "Imagem Black Friday",
        "info": "Para você ativar a imagem em um produto específico no carrossel de produtos, é necessário que você adicione a seguinte TAG NO PRODUTO: blackfriday"
      },
      {
        "type": "checkbox",
        "id": "mostrar_bfimg",
        "label": "Mostrar imagem Black Friday",
        "default": true
      },
      {
        "type": "header",
        "content": "Outros"
      },
      {
        "type": "checkbox",
        "id": "show_vendor",
        "label": "Mostrar vendedor",
        "default": false
      },
      {
        "type": "checkbox",
        "id": "show_secondary_image",
        "label": "Mostrar imagem secundária ao passar o mouse",
        "default": false
      },
      {
        "type": "checkbox",
        "id": "show_discount",
        "label": "Mostrar desconto",
        "default": true
      },
      {
        "type": "select",
        "id": "discount_mode",
        "label": "Mostrar o desconto como...",
        "options": [
          {
            "value": "percentage",
            "label": "Porcentagem"
          },
          {
            "value": "saving",
            "label": "Salvo"
          }
        ],
        "default": "saving"
      },
      {
        "type": "select",
        "id": "product_price_position",
        "label": "Posição do preço",
        "options": [
          {
            "value": "before_title",
            "label": "Antes do título do produto"
          },
          {
            "value": "after_title",
            "label": "Após o título do produto"
          }
        ],
        "default": "after_title"
      },
      {
        "type": "select",
        "id": "product_image_size",
        "label": "Tamanho da imagem do produto",
        "options": [
          {
            "value": "natural",
            "label": "Natural"
          },
          {
            "value": "short",
            "label": "Curto (4:3)"
          },
          {
            "value": "square",
            "label": "Quadrado (1:1)"
          },
          {
            "value": "tall",
            "label": "Alto (2:3)"
          }
        ],
        "default": "natural"
      },
      {
        "type": "checkbox",
        "id": "show_color_swatch",
        "label": "Mostrar amostra de cores",
        "default": false
      },
      {
        "type": "checkbox",
        "id": "show_inventory_quantity",
        "label": "Mostrar inventário",
        "default": false
      },
      {
        "type": "range",
        "id": "low_inventory_threshold",
        "label": "Limite de estoque baixo",
        "info": "Mostre a quantidade de estoque em vermelho quando a quantidade estiver abaixo do limite. Escolha 0 para sempre mostrar em estoque, se disponível.",
        "min": 0,
        "max": 100,
        "step": 1,
        "default": 0
      },
      {
        "type": "checkbox",
        "id": "show_reviews_badge",
        "label": "Mostrar selo de comentários",
        "info": "Você precisa instalar o [Shopify's free Product Reviews](https://apps.shopify.com/product-reviews) caso queira o padrão da Shopify.",
        "default": false
      }
    ]
  },
  {
    "name": "Bloqueadores",
    "settings": [
      {
        "type": "header",
        "content": "Funções",
        "info": "Tema original [Dropmeta](https://dropmeta.com.br/tema). Se comprado em sites de terceiros sem licença oficial, estará sujeito a processos judiciais."
      },
      {
        "type": "checkbox",
        "id": "ali_hunter_enable",
        "label": "Bloquear AliHunter",
        "default": true
      },
      {
        "type": "checkbox",
        "id": "botao_direito_enable",
        "label": "Bloquear botão direito",
        "default": true
      },
      {
        "type": "checkbox",
        "id": "atalho_f12_enable",
        "label": "Bloquear F12",
        "default": true
      },
      {
        "type": "checkbox",
        "id": "selecionar_conteudo_enable",
        "label": "Bloquear seleção de conteúdo",
        "default": true
      },
      {
        "type": "header",
        "content": "Bloqueador Anti-Purchase"
      },
      {
        "type": "text",
        "id": "id_for_pixel",
        "label": "ID do Pixel",
        "info": "Identifique o ID através do código do pixel ou assista a aula na plataforma do curso Dropmeta.",
        "default": "Ex: 639930830767149"
      }
    ]
  },
  {
    "name": "Parcelamentos",
    "settings": [
      {
        "type": "checkbox",
        "id": "show_parcelamento",
        "label": "Mostrar parcelamento",
        "info": "Alterará em todos os locais presentes no tema",
        "default": true
      },
      {
        "type": "select",
        "id": "mostrar_parcelascomo",
        "label": "Informar juros nas parcelas",
        "options": [
          {
            "value": "info_juros",
            "label": "Informar juros"
          },
          {
            "value": "info_sem_juros",
            "label": "Informar sem juros"
          },
          {
            "value": "no_info_juros",
            "label": "Ocultar juros"
          }
        ],
        "default": "no_info_juros"
      },
      {
        "type": "text",
        "id": "porcentagem_de_juros",
        "label": "Porcentagem de juros em 12x",
        "info": "Digite o valor do percentual a partir do número 1 e o ponto. Caso queira deixar SEM JUROS, você deve deixar apenas o número 1 como resposta.",
        "default": "1.2161"
      },
      {
        "type": "range",
        "id": "qty_vezes",
        "label": "Em até quantas vezes",
        "min": 1,
        "max": 12,
        "step": 1,
        "default": 12
      }
    ]
  },
  {
    "name": "Juros",
    "settings": [
      {
        "type": "header",
        "content": "Juros",
        "info": "Coloque os juros de acordo com o que é cobrado do seu gateway para cada parcela. NÃO pode incluir '%' e na inclusão de vírgulas substituir por ponto final"
      },
      {
        "type": "text",
        "id": "juros_1x",
        "label": "1x",
        "default": "0"
      },
      {
        "type": "text",
        "id": "juros_2x",
        "label": "2x",
        "default": "7.64"
      },
      {
        "type": "text",
        "id": "juros_3x",
        "label": "3x",
        "default": "9.23"
      },
      {
        "type": "text",
        "id": "juros_4x",
        "label": "4x",
        "default": "10.86"
      },
      {
        "type": "text",
        "id": "juros_5x",
        "label": "5x",
        "default": "12.31"
      },
      {
        "type": "text",
        "id": "juros_6x",
        "label": "6x",
        "default": "13.65"
      },
      {
        "type": "text",
        "id": "juros_7x",
        "label": "7x",
        "default": "14.72"
      },
      {
        "type": "text",
        "id": "juros_8x",
        "label": "8x",
        "default": "16.23"
      },
      {
        "type": "text",
        "id": "juros_9x",
        "label": "9x",
        "default": "17.69"
      },
      {
        "type": "text",
        "id": "juros_10x",
        "label": "10x",
        "default": "18.65"
      },
      {
        "type": "text",
        "id": "juros_11x",
        "label": "11x",
        "default": "20.12"
      },
      {
        "type": "text",
        "id": "juros_12x",
        "label": "12x",
        "default": "21.61"
      }
    ]
  },
  {
    "name": "Whatsapp",
    "settings": [
      {
        "type": "header",
        "content": "Botão WhatsApp",
        "info": "Tema original [Dropmeta](https://dropmeta.com.br/tema). Se comprado em sites de terceiros sem licença oficial, estará sujeito a processos judiciais."
      },
      {
        "type": "checkbox",
        "id": "addzap",
        "label": "Ativa o botão de WhatsApp no site",
        "default": false
      },
      {
        "type": "text",
        "id": "numberzap",
        "label": "Número do WhatsApp",
        "info": "Crie seu link na [Umbler Contate Me](https://www.contate.me/)"
      },
      {
        "type": "select",
        "id": "zap_icon_type",
        "label": "Tipo de ícone",
        "options": [
          {
            "value": "original",
            "label": "Original"
          },
          {
            "value": "img",
            "label": "Imagem"
          }
        ],
        "default": "original"
      },
      {
        "type": "image_picker",
        "id": "zap_icon",
        "label": "Ícone do botão",
        "info": "360 x 360px .png recomendado"
      },
      {
        "type": "checkbox",
        "id": "show_online_icon",
        "label": "Online",
        "default": true
      },
      {
        "type": "header",
        "content": "Imagem de perfil"
      },
      {
        "type": "select",
        "id": "zap_img_type",
        "label": "Tipo de imagem",
        "options": [
          {
            "value": "icone",
            "label": "Ícone"
          },
          {
            "value": "img",
            "label": "Imagem"
          }
        ],
        "default": "icone"
      },
      {
        "type": "image_picker",
        "id": "zap_img",
        "label": "Imagem de perfil",
        "info": "360 x 360px .png recomendado"
      },
      {
        "type": "text",
        "id": "titlezap",
        "label": "Título da box",
        "default": "Fale conosco"
      },
      {
        "type": "text",
        "id": "txtzap",
        "label": "Sub-título da box",
        "default": "O melhor suporte é com a (Sua Loja)!"
      },
      {
        "type": "color",
        "id": "colorzap",
        "label": "Selecione a cor do Box",
        "info": "Troque a cor de fundo",
        "default": "#25D366"
      },
      {
        "type": "textarea",
        "id": "chatzap",
        "label": "Texto da mensagem",
        "info": "Personalize a escrita no chat"
      },
      {
        "type": "textarea",
        "id": "digizap",
        "label": "Texto onde vai escrever",
        "info": "O texto que mostra para o cliente"
      },
      {
        "type": "header",
        "content": "Equipe Dropmeta"
      },
      {
        "type": "paragraph",
        "content": "Código fornecido por [Dropmeta](https://dropmeta.com.br/) Obrigado por nos apoiar!"
      }
    ]
  },
  {
    "name": "Pix",
    "settings": [
      {
        "type": "range",
        "id": "percent_pix_discount",
        "label": "Percentual de desconto",
        "min": 1,
        "max": 30,
        "step": 1,
        "default": 8
      }
    ]
  },
  {
    "name": "Tipografia",
    "settings": [
      {
        "type": "range",
        "id": "base_text_font_size",
        "label": "Tamanho básico",
        "info": "Todos os textos, incluindo títulos, serão dimensionados de acordo.",
        "min": 14,
        "max": 17,
        "unit": "px",
        "default": 15
      },
      {
        "type": "header",
        "content": "Títulos"
      },
      {
        "type": "font_picker",
        "id": "heading_font",
        "label": "Fonte",
        "default": "helvetica_n4"
      },
      {
        "type": "header",
        "content": "Texto de corpo"
      },
      {
        "type": "font_picker",
        "id": "text_font",
        "label": "Fonte",
        "default": "helvetica_n4"
      },
      {
        "type": "checkbox",
        "id": "underline_links",
        "label": "Sublinhar links",
        "info": "Aplica-se apenas a links definidos em campos de rich text.",
        "default": false
      }
    ]
  },
  {
    "name": "Troca de Cores",
    "settings": [
      {
        "type": "textarea",
        "id": "color_swatch_config",
        "label": "Configurações",
        "placeholder": "Vermelho:#ff0000\nVerde:#00ff00\nAzul:#0000ff",
        "info": "Preencha com as cores adicionadas"
      }
    ]
  },
  {
    "name": "Animações",
    "settings": [
      {
        "type": "checkbox",
        "id": "animation_image_zoom",
        "label": "Ativar zoom da imagem ao passar o mouse",
        "default": true
      }
    ]
  },
  {
    "name": "Pesquisa",
    "settings": [
      {
        "type": "select",
        "id": "search_mode",
        "label": "Pesquisar apenas...",
        "options": [
          {
            "value": "product",
            "label": "Somente produtos"
          },
          {
            "value": "product,page",
            "label": "Produtos e páginas"
          },
          {
            "value": "product,article",
            "label": "Produtos e postagens de blog"
          },
          {
            "value": "product,article,page",
            "label": "Produtos, postagens de blog e páginas"
          }
        ],
        "default": "product,article"
      }
    ]
  },
  {
    "name": "Carrinho",
    "settings": [
      {
        "type": "select",
        "id": "cart_type",
        "label": "Tipo de carrinho",
        "options": [
          {
            "value": "drawer",
            "label": "Drawer"
          },
          {
            "value": "page",
            "label": "Page"
          }
        ],
        "default": "drawer"
      },
      {
        "type": "url",
        "id": "cart_empty_button_link",
        "label": "Link do botão vazio",
        "default": "/collections/all"
      },
      {
        "type": "checkbox",
        "id": "cart_show_free_shipping_threshold",
        "label": "Mostrar valor mínimo de frete grátis",
        "info": "Certifique-se de que configurou corretamente o seu [Taxas de Envio](/admin/settings/shipping).",
        "default": false
      },
      {
        "type": "text",
        "id": "cart_free_shipping_threshold",
        "label": "Frete grátis valor mínimo",
        "default": "50"
      }
    ]
  },
  {
    "name": "Redes Sociais",
    "settings": [
      {
        "type": "header",
        "content": "Contas"
      },
      {
        "type": "text",
        "id": "social_facebook",
        "info": "https://www.facebook.com/shopify",
        "label": "Facebook"
      },
      {
        "type": "text",
        "id": "social_twitter",
        "info": "https://twitter.com/shopify",
        "label": "Twitter"
      },
      {
        "type": "text",
        "id": "social_pinterest",
        "info": "https://www.pinterest.com/shopify",
        "label": "Pinterest"
      },
      {
        "type": "text",
        "id": "social_instagram",
        "info": "https://instagram.com/dropmeta",
        "label": "Instagram"
      },
      {
        "type": "text",
        "id": "social_vimeo",
        "info": "https://vimeo.com/dropmeta",
        "label": "Vimeo"
      },
      {
        "type": "text",
        "id": "social_tumblr",
        "info": "https://dropmeta.tumblr.com",
        "label": "Tumblr"
      },
      {
        "type": "text",
        "id": "social_youtube",
        "info": "https://www.youtube.com/user/dropmeta",
        "label": "YouTube"
      },
      {
        "type": "text",
        "id": "social_linkedin",
        "info": "https://linkedin.com/in/dropmeta",
        "label": "LinkedIn"
      },
      {
        "type": "text",
        "id": "social_snapchat",
        "info": "https://snapchat.com/add/dropmeta",
        "label": "Snapchat"
      },
      {
        "type": "text",
        "id": "social_fancy",
        "info": "https://fancy.com/dropmeta",
        "label": "Fancy"
      },
      {
        "type": "text",
        "id": "social_kwai",
        "info": "https://dropmeta.kwai.com",
        "label": "Kwai"
      }
    ]
  },
  {
    "name": "Favicon",
    "settings": [
      {
        "type": "image_picker",
        "id": "favicon",
        "label": "Imagem",
        "info": "96 x 96px .png recomendado"
      }
    ]
  }
]
