{"current":{"heading_color":"#596078","text_color":"#596078","accent_color":"#3aa625","link_color":"#431fff","border_color":"#e7e7e7","background":"#ffffff","secondary_background":"#ffffff","error_color":"#f71b1b","success_color":"#3aa625","primary_button_background":"#3aa625","primary_button_text_color":"#ffffff","btn_primary_color_buy":"#3aa625","btn_primary_color_buy_text":"#ffffff","active_btn_animation_normal":true,"active_btn_animation":true,"secondary_button_background":"#596078","secondary_button_text_color":"#ffffff","footer_background":"#122a5e","footer_text_color":"#ffffff","header_background":"#ffffff","header_text_color":"#596078","header_light_text_color":"#3aa625","color_icons_header":"#596078","header_accent_color":"#3aa625","header_bar_background":"#ffffff","header_bar_text_color":"#596078","product_on_sale_accent":"#3aa625","discount_percentage_background":"#3aa625","product_cor_do_preco_semdesc":"#606781","product_cor_do_preco":"#122a5e","product_cor_do_preco_riscado":"#a4a9be","product_cor_dos_titles":"#122a5e","product_in_stock_color":"#00d864","product_low_stock_color":"#ee0000","product_sold_out_color":"#d1d1d4","border_radius_theme":20,"border_radius_btn":32,"mostrar_fretegratis1":false,"cordabarra":"#702dfa","cordotexto":"#ffffff","mostrar_estrelas_ryviu":true,"mostrar_estrelas":false,"corstars":"#ffce00","mostrar_bfimg":true,"show_vendor":false,"show_secondary_image":false,"show_discount":true,"discount_mode":"percentage","product_price_position":"after_title","product_image_size":"square","show_color_swatch":false,"show_inventory_quantity":false,"low_inventory_threshold":0,"show_reviews_badge":false,"ali_hunter_enable":true,"botao_direito_enable":true,"show_parcelamento":true,"mostrar_parcelascomo":"no_info_juros","porcentagem_de_juros":"1.2161","qty_vezes":12,"juros_4x":"10.86","addzap":true,"numberzap":"","zap_icon_type":"img","zap_icon":"shopify:\/\/shop_images\/Screenshot_1.png","zap_img_type":"icone","zap_img":"shopify:\/\/shop_images\/Screenshot_1.png","titlezap":"Dropmeta","txtzap":"A equipe está online","colorzap":"#702dfa","chatzap":"Olá, estou aqui para te ajudar! (Editável)","digizap":"Digite sua mensagem...","percent_pix_discount":5,"base_text_font_size":14,"heading_font":"inter_n7","text_font":"inter_n4","underline_links":true,"animation_image_zoom":false,"search_mode":"product","cart_type":"drawer","cart_empty_button_link":"shopify:\/\/collections\/all","cart_show_free_shipping_threshold":false,"cart_free_shipping_threshold":"50","social_facebook":"","social_twitter":"","social_pinterest":"","social_instagram":"","social_vimeo":"","social_tumblr":"","social_youtube":"","social_linkedin":"","social_snapchat":"","social_fancy":"","favicon":"shopify:\/\/shop_images\/fav_e688de9c-a383-410e-af35-6f8c8dab8932.png","checkout_header_image":"","checkout_logo_image":"shopify:\/\/shop_images\/logo210x_40x_6b8e4909-3fbb-4178-8775-39900114df23.png","checkout_logo_position":"center","checkout_logo_size":"medium","checkout_body_background_image":"","checkout_body_background_color":"#ffffff","checkout_input_background_color_mode":"white","checkout_sidebar_background_image":"","checkout_sidebar_background_color":"#f7f4f2","checkout_heading_font":"-apple-system, BlinkMacSystemFont, 'Segoe UI', Roboto, Helvetica, Arial, sans-serif, 'Apple Color Emoji', 'Segoe UI Emoji', 'Segoe UI Symbol'","checkout_body_font":"-apple-system, BlinkMacSystemFont, 'Segoe UI', Roboto, Helvetica, Arial, sans-serif, 'Apple Color Emoji', 'Segoe UI Emoji', 'Segoe UI Symbol'","checkout_accent_color":"#3a2a2f","checkout_button_color":"#f6cc3f","checkout_error_color":"#f71b1b","product_label_1_background":"#ff6128","product_label_2_background":"#a95ebe","product_star_color":"#ffb647","cordefundo":"#702dfa","header_cordotexto":"#96a3da","header_corsubheader":"#1d2a6c","sections":{"header":{"type":"header","settings":{"enable_sticky_header":true,"header_top_spacing":20,"header_height_desktop":100,"header_height_mobile":110,"logo":"shopify:\/\/shop_images\/Captura_de_Tela_2025-07-31_as_16.12.41-removebg.png","logo_max_width":100,"mobile_logo_max_width":95,"cart_icon_svg":""}},"footer":{"type":"footer","blocks":{"c9a6c378-573f-4c54-9fc6-5ca6e279f3f2":{"type":"text","settings":{"mostrar_logotipo":true,"logo_max_width_footer":190,"title":"ATENDIMENTO AO CLIENTE","content":"<p><strong>E-mail: <\/strong>loja@gmail.com<br\/><strong>WhatsApp:<\/strong> +55 (99) 9 9999-9999<\/p>"}},"footer-1":{"type":"links","settings":{"menu":"footer"}},"92231aec-75ae-4f44-bb61-3900d99ba87b":{"type":"links","settings":{"menu":"main-menu"}},"23b7e603-1746-4ba2-b8e6-5856acdfd7a5":{"type":"newsletter","settings":{"title":"Nossa Newsletter","subheading":"<p>Assine nossa newsletter e receba as melhores ofertas DE GRAÇA!<\/p>"}}},"block_order":["c9a6c378-573f-4c54-9fc6-5ca6e279f3f2","footer-1","92231aec-75ae-4f44-bb61-3900d99ba87b","23b7e603-1746-4ba2-b8e6-5856acdfd7a5"],"settings":{"mostrar_cnpj":true,"cnpjaqui":"Digite seu CNPJ aqui","mostrar_mensagemdeaviso":true,"mostrar_bandeiras_rdp":true,"bandeiras_type":"padrao","mostrar_selospretos":false,"mostrar_selosbrancos":true,"mostrar_selo1":true,"selo1":"temadropmetaoficial.myshopify.com","mostrar_selo2":true,"selo2":"temadropmetaoficial.myshopify.com","mostrar_selo3":true,"selo3":"temadropmetaoficial.myshopify.com","mostrar_barra":true,"background1":"#fcd000","background2":"#ff5f5f","background3":"#9100ff","background4":"#0086ff","show_social_media":false,"show_payment_icons":false,"show_locale_selector":false,"show_currency_selector":false,"show_cookie_bar":true}},"slideshow":{"type":"slideshow","blocks":{"bbea030d-de91-4721-9ea1-9660f647bbd7":{"type":"image","settings":{"image":"shopify:\/\/shop_images\/WhatsApp_Image_2025-07-31_at_16.54.00.jpg","show_overlay":false,"overlay_opacity":30,"text_color":"#ffffff","title":"","content":"","content_position":"middle_center","button_background":"#ffffff","button_text_color":"#000000","button_text":"","link":"shopify:\/\/products\/stv-s3-ultra"}},"image_KMhc6Q":{"type":"image","settings":{"image":"shopify:\/\/shop_images\/WhatsApp_Image_2025-07-31_at_16.53.57_1.jpg","show_overlay":false,"overlay_opacity":30,"text_color":"#ffffff","title":"","content":"","content_position":"middle_center","button_background":"#ffffff","button_text_color":"#000000","button_text":"","link":""}},"image_TR4XBh":{"type":"image","settings":{"image":"shopify:\/\/shop_images\/WhatsApp_Image_2025-07-31_at_16.53.56.jpg","show_overlay":false,"overlay_opacity":60,"text_color":"#ffffff","title":"","content":"","content_position":"middle_center","button_background":"#8860ff","button_text_color":"#ffffff","button_text":"","link":"shopify:\/\/collections\/eletronicos"}},"image_qrFEXM":{"type":"image","settings":{"image":"shopify:\/\/shop_images\/WhatsApp_Image_2025-07-31_at_16.53.57.jpg","show_overlay":false,"overlay_opacity":30,"text_color":"#ffffff","title":"","content":"","content_position":"middle_center","button_background":"#ffffff","button_text_color":"#000000","button_text":"","link":""}}},"block_order":["bbea030d-de91-4721-9ea1-9660f647bbd7","image_KMhc6Q","image_TR4XBh","image_qrFEXM"],"settings":{"edge_to_edge":false,"section_size":"preserve_ratio","carousel_effect":"slide","autoplay":false,"cycle_speed":5}},"collection-list":{"type":"collection-list","blocks":{"collection-0":{"type":"collection","settings":{"collection":""}},"collection-1":{"type":"collection","settings":{"collection":""}},"collection-2":{"type":"collection","settings":{"collection":""}},"collection-3":{"type":"collection","settings":{"collection":""}},"collection-4":{"type":"collection","settings":{"collection":""}},"collection-5":{"type":"collection","settings":{"collection":""}},"251025eb-4e17-48d5-b423-fc3c87660798":{"type":"collection","settings":{"collection":""}}},"block_order":["collection-0","collection-1","collection-2","collection-3","collection-4","collection-5","251025eb-4e17-48d5-b423-fc3c87660798"],"disabled":true,"settings":{"title":"Our collections","link_title":"View all","link":"shopify:\/\/collections","round_images":true,"show_collection_title":true}},"collection-template":{"type":"collection-template","settings":{"show_collection_image":true,"collapse_collection_description":false,"collection_image_size":"preserve_ratio","products_per_row":"4","default_products_per_page":24,"default_view_layout":"grid","show_quick_buy":"list","show_quick_view":"list_grid","quick_links":"main-menu","quick_links_show_products_count":false,"show_filters":false,"show_filter_color_swatch":false,"filter_type":"tag","open_group_filters_mode":"all_closed","filter_group_order":""}},"recently-viewed-products":{"type":"recently-viewed-products","settings":{"title":"Recently viewed","show_quick_buy":false}},"product-template":{"type":"product-template","settings":{"mostrar_frete1":true,"selector_mode_background_shipping":"mod_2","titulofrete":"Receba entre: 1 - 3 semanas","cordaborda":"#0fb930","mostrar_frete2":false,"mostrar_fretegratis":true,"mostrar_frete_full":true,"mostrar_correios":true,"mostrar_devolucao":true,"mostrar_garantia":true,"mostrar_maisvendido":true,"mostrar_addtocart":true,"habilitar_1clique":true,"btn-suspenso-flut":true,"show_quantity_selector":true,"title_variants_image":"color,colour,couleur,cor,cores,colore,farbe,색,色,カラー,färg,farve,opção,opções,quantidade,quantidades,dias,uso,tipo,tipos,modelo,modelos,material,materiais,unidade,unidades,combos,combo,pacote,pacotes,voltagem","mostrar_btn_wtspp":true,"background_whatsapp_btn":"#ffffff","txt_whatsapp_btn":"#0fb930","whatsapplinknumber":"https:\/\/contate.me\/dropmeta","mostrar_pix":true,"cordopix":"#00bd58","corbandeiras":"#8860ff","mostrar_bandeiras":true,"bandeiras_style":"b_style_2","bandeiras_type_page_product":"padrao","mostrar_natalimg":false,"selector_mode_natalimg":"durante","mostrar_campo_personalizado":false,"mostrar_contador":false,"bg_contador":"#000000","txt_um_contador":"#ffffff","texto_contador":"(edite) Corra! Promo acaba em","txt_dois_contador":"#ffce00","mostrar_cssryviu":true,"mostrar_cssareviews":false,"mostrar_quantidadevendidos":true,"mostrar_icone":true,"mostrar_codigodoitem":true,"mostrar_barra_de_entrega":false,"blackfriday":false,"selector_mode":"block","color_mode":"variant_image","show_payment_button":false,"image_size":"large","enable_image_zoom":true,"enable_video_looping":false,"zoom_effect":"inside","carousel_effect":"fade","show_inventory_quantity":true,"low_inventory_threshold":0,"content_display_mode":"show_all_and_expand_description","tab_page_1_handle":"cuidado","tab_page_2_handle":"","tab_page_3_handle":"","enable_reviews":false,"show_reviews_badge":false,"trust_title":"Pagamento Seguro","show_payment_icons":true,"show_shipping_estimator":false,"shipping_estimator_default_country":"","show_refunds_policy":false}},"product-recommendations":{"type":"product-recommendations","settings":{"show_product_recommendations":true,"heading":"Talvez você goste","show_quick_buy":false}},"announcement-bar":{"type":"announcement-bar","settings":{"show_announcement":false,"background1":"#6425e5","background2":"#6425e5","text_color":"#ffffff","mostraricone":true,"text":"Frete Grátis pra Todo País!","show_newsletter":false,"newsletter_button":"","newsletter_title":"Newsletter","newsletter_content":"<p>Se inscreva em nossa newsletter para receber as últimas promoções.<\/p>"}},"popups":{"type":"popups","blocks":{"2b3dee75-c47a-449e-a21f-1d3ef0366386":{"type":"exit","disabled":true,"settings":{"show_only_for_visitors":true,"show_only_once":false,"title":"Resgate","subheading":"no seu próximo pedido + ofertas exclusivas","show_newsletter":true,"button_text":"Pegar 15% de desconto","success_message":"Em breve você receberá um e-mail contendo seu cupom de desconto!","close_message":"Não, obrigado, prefiro pagar mais"}}},"block_order":["2b3dee75-c47a-449e-a21f-1d3ef0366386"],"settings":{}},"text-with-icons":{"type":"text-with-icons","blocks":{"text-with-icons-3":{"type":"item","settings":{"icon":"bi-mobile-payment","title":"Compra Segura","content":"<p>Ambiente  seguro para pagamentos online<\/p>"}},"text-with-icons-0":{"type":"item","settings":{"icon":"bi-fast-delivery","title":"Frete Grátis","content":"<p>Envio rápido e acompanhado com código de rastreio<br\/><\/p>"}},"text-with-icons-2":{"type":"item","settings":{"icon":"bi-love","title":"Suporte Profissional","content":"<p>Equipe de suporte de extrema qualidade a semana toda<br\/><\/p>"}},"text-with-icons-1":{"type":"item","settings":{"icon":"bi-returns","title":"Satisfação ou Reembolso","content":"<p>Caso haja algo, devolvemos seu dinheiro com velocidade<\/p>"}}},"block_order":["text-with-icons-3","text-with-icons-0","text-with-icons-2","text-with-icons-1"],"settings":{"show_section":true,"stack_mobile":false}},"16153539675ef431a7":{"type":"featured-collection","settings":{"collection":"frontpage","title":"Tv Box - STV","products_count":4,"layout":"vertical","stack_desktop":false,"show_quick_buy":false,"link_title":"","link_url":""}},"16153541158fc73818":{"type":"featured-collection","settings":{"collection":"produtos-demo-1","title":"Acessórios + vendidos","products_count":10,"layout":"vertical","stack_desktop":false,"show_quick_buy":false,"link_title":"Ver todos","link_url":""}},"static-promotion-list":{"type":"static-promotion-list","settings":{"expand_items":false,"section_size":"medium","stack_mobile":false}},"static-recently-viewed-products":{"type":"static-recently-viewed-products","settings":{"show_section":false,"title":"Produtos que você viu recentemente","show_quick_buy":false}},"cart-template":{"type":"cart-template","settings":{"enable_order_notes":true,"mostrar_mensagempixcartao":true,"show_payment_icons":true,"gift_wrap_product":"embrulhar-pedido","gift_wrap_text":"Deseja embrulhar seu pedido?","gift_wrap_button":"Adicionar agora","show_shipping_estimator":false,"shipping_estimator_default_country":"Brazil","trust_heading":"Nossas garantias","upsell_heading":"Aproveite e leve também","upsell_collection":"produtos-demo-1","upsell_products_count":4}},"static-newsletter":{"type":"static-newsletter","settings":{"show_section":false,"title":"Subscribe to our newsletter","content":"<p>A short sentence describing what someone will receive by subscribing<\/p>","subtext":"100% free, Unsubscribe any time!","background":"#1e2d7d","text":"#ffffff"}},"page-contact-template":{"type":"page-contact-template","settings":{"form_heading":"Preenche o formulário abaixo.","show_store_info":false,"store_heading":"","store_info":""}},"16494890143053ae61":{"type":"image-with-text","settings":{"image_position":"left","image_width":45,"title":"Sobre nós.","content":"<p>Desenvolvidos para atender suas necessidades e prezar<br\/>pela satisfação e segurança entregando produtos da mais<br\/>alta qualidade da melhor forma possível!<\/p><p><em><strong>Quer saber mais sobre nós e nossa equipe?<\/strong><\/em><br\/>Clique no botão abaixo<\/p>","button_text":"Saber mais sobre nós","button_link":"shopify:\/\/pages\/sobre-nos"}},"1649913264519d35a7":{"type":"collection-with-image","settings":{"collection":"genericos-3-classic","products_count":12,"background1":"#8860ff","background2":"#8860ff","text_color":"#ffffff","title":"Os produtos mais vendidos da sua coleção","content":"Veja mais produtos relacionados clicando no botão abaixo","button_background":"#ffffff","button_text_color":"#8860ff","button_text":"Ver mais produtos","button_link":""}},"minimal-header":{"type":"minimal-header","settings":{"logo":"shopify:\/\/shop_images\/LOGOMARCA_ISO_COLORIDO_ecc51cc9-6d7c-44e7-abfe-2dd750c53836.png","logo_max_width":175,"mobile_logo_max_width":145}},"password-template":{"type":"password-template","settings":{"show_social_media":true,"heading":"Loja milionária em construção!","text":"<p>Para acessar e sentir o gostinho do sucesso, coloque a senha \"4321\".<\/p>","show_newsletter_signup":false,"newsletter_text":"<p>A short sentence describing what someone will receive by subscribing.<\/p>"}},"list-collections-template":{"type":"list-collections-template","settings":{"collections_to_show":"all","show_collection_title":true,"show_collection_overlay":true,"collection_overlay_opacity":20}},"promotion_list_BHpEbh":{"type":"promotion-list","blocks":{"item_ATWp9n":{"type":"item","settings":{"show_overlay":false,"overlay_opacity":50,"stretch_image":true,"background":"#122a5e","background2":"#122a5e","text_color":"#ffffff","title":"Perfume","content":"O cheiro certo no lugar certo","content_position":"middle_left","button_background":"#8860ff","button_text_color":"#ffffff","button_text":"Ver produto","button_link":"shopify:\/\/products\/perfume-o-cheiro-certo-para-os-ambientes-certos"}},"item_JCUFyD":{"type":"item","settings":{"show_overlay":false,"overlay_opacity":50,"stretch_image":true,"background":"#8860ff","background2":"#8860ff","text_color":"#ffffff","title":"Cafeteira","content":"Máquina de café","content_position":"middle_left","button_background":"#ffffff","button_text_color":"#7a00ff","button_text":"Ver produto","button_link":"shopify:\/\/products\/cafeteira-maquina-de-cafe-profissional"}},"item_9x67VY":{"type":"item","settings":{"show_overlay":false,"overlay_opacity":50,"stretch_image":true,"background":"#122a5e","background2":"#122a5e","text_color":"#ffffff","title":"Copos Classic","content":"Copos térmicos persona.","content_position":"middle_left","button_background":"#8860ff","button_text_color":"#ffffff","button_text":"Ver produto","button_link":"shopify:\/\/products\/copos-classic-copos-termicos-personalizados"}}},"block_order":["item_ATWp9n","item_JCUFyD","item_9x67VY"],"settings":{"expand_items":false,"section_size":"small","stack_mobile":true,"shadow_card":false}},"compre-junto":{"type":"compre-junto","settings":{"heading":"Aproveite e compre junto!","ttl-button":"Comprar junto","quota_txt_color":"#00a90e"}}},"content_for_index":["slideshow","16153539675ef431a7","promotion_list_BHpEbh","16153541158fc73818","16494890143053ae61","1649913264519d35a7"]},"presets":{"Metal":{"heading_color":"#1e2d7d","text_color":"#677279","accent_color":"#00badb","link_color":"#00badb","border_color":"#e1e3e4","background":"#f3f5f6","secondary_background":"#ffffff","error_color":"#ff0000","success_color":"#00aa00","primary_button_background":"#00badb","primary_button_text_color":"#ffffff","secondary_button_background":"#1e2d7d","secondary_button_text_color":"#ffffff","header_background":"#1e2d7d","header_text_color":"#ffffff","header_light_text_color":"#a3afef","header_accent_color":"#00badb","product_on_sale_accent":"#ee0000","product_in_stock_color":"#008a00","product_low_stock_color":"#ee0000","product_sold_out_color":"#8a9297","product_label_1_background":"#008a00","product_label_2_background":"#00a500","product_star_color":"#ffbd00","addzap":true,"zapicon":true,"imagezap":"shopify:\/\/shop_images\/super-oferta.png","numberzap":"5551984869182","titlezap":"Fale Conosco \n<span>\nO melhor suporte é com a Luky Ofertas!\n<\/span>","colorzap":"#ff7200","chatzap":"Olá, estou aqui para te ajudar!","digizap":"Digite sua mensagem...","base_text_font_size":16,"heading_font":"din_next_n5","text_font":"din_next_n4","underline_links":true,"animation_image_zoom":true,"search_mode":"product,article","show_vendor":true,"show_secondary_image":true,"product_price_position":"after_title","product_image_size":"natural","show_discount":true,"discount_mode":"saving","show_color_swatch":false,"show_inventory_quantity":false,"low_inventory_threshold":0,"show_reviews_badge":false,"cart_type":"drawer","cart_empty_button_link":"shopify:\/\/collections\/all","cart_show_free_shipping_threshold":false,"cart_free_shipping_threshold":"50","share_image":"","social_facebook":"","social_twitter":"","social_google_plus":"","social_pinterest":"","social_instagram":"","social_vimeo":"","social_tumblr":"","social_youtube":"","social_linkedin":"","social_snapchat":"","social_fancy":"","favicon":"","checkout_header_image":"","checkout_logo_image":"","checkout_logo_position":"left","checkout_logo_size":"medium","checkout_body_background_image":"","checkout_body_background_color":"#fff","checkout_input_background_color_mode":"white","checkout_sidebar_background_image":"","checkout_sidebar_background_color":"#fafafa","checkout_heading_font":"-apple-system, BlinkMacSystemFont, 'Segoe UI', Roboto, Helvetica, Arial, sans-serif, 'Apple Color Emoji', 'Segoe UI Emoji', 'Segoe UI Symbol'","checkout_body_font":"-apple-system, BlinkMacSystemFont, 'Segoe UI', Roboto, Helvetica, Arial, sans-serif, 'Apple Color Emoji', 'Segoe UI Emoji', 'Segoe UI Symbol'","checkout_accent_color":"#00badb","checkout_button_color":"#00badb","checkout_error_color":"#ff0000","sections":{"header":{"type":"header","settings":{"logo":"","logo_max_width":140,"mobile_logo_max_width":100,"navigation_menu":"main-menu","desktop_navigation_layout":"inline","desktop_navigation_open_trigger":"hover","navigation_phone_number":"Call us 000-000-0000","navigation_email":"info@yourwebsite.com","search_menu":""}},"footer":{"type":"footer","blocks":{"footer-0":{"type":"text","settings":{"title":"About the shop","content":"<p>Use this text area to tell your customers about your brand and vision. You can change it in the theme settings.<\/p>"}},"footer-1":{"type":"links","settings":{"menu":"footer"}},"footer-2":{"type":"newsletter","settings":{"title":"Newsletter","subheading":"<p>A short sentence describing what someone will receive by subscribing<\/p>"}}},"block_order":["footer-0","footer-1","footer-2"],"settings":{"show_social_media":true,"show_payment_icons":true}},"slideshow":{"type":"slideshow","blocks":{"slide-0":{"type":"image","settings":{"image":"","mobile_image":"","text_color":"#ffffff","title":"Tell your story","content":"Tell your story","content_position":"bottomLeft","button_background":"#ffffff","button_text_color":"#000000","button_text":"Button","link":""}},"slide-1":{"type":"image","settings":{"image":"","mobile_image":"","text_color":"#ffffff","title":"Tell your story","content":"Tell your story","content_position":"bottomLeft","button_background":"#ffffff","button_text_color":"#000000","button_text":"Button","link":""}}},"block_order":["slide-0","slide-1"],"settings":{"edge_to_edge":true,"section_size":"preserve_ratio","cycle_speed":5}},"collection-list":{"type":"collection-list","blocks":{"collection-0":{"type":"collection","settings":{"collection":"","image":""}},"collection-1":{"type":"collection","settings":{"collection":"","image":""}},"collection-2":{"type":"collection","settings":{"collection":"","image":""}},"collection-3":{"type":"collection","settings":{"collection":"","image":""}},"collection-4":{"type":"collection","settings":{"collection":"","image":""}},"collection-5":{"type":"collection","settings":{"collection":"","image":""}}},"block_order":["collection-0","collection-1","collection-2","collection-3","collection-4","collection-5"],"settings":{"title":"Our collections","link_title":"View all","link":"shopify:\/\/collections"}},"featured-product":{"type":"featured-product","settings":{"product":"","title":"Featured product","selector_mode":"block","color_mode":"color","zoom_effect":"outside","carousel_effect":"fade","low_inventory_threshold":0}},"collection-template":{"type":"collection-template","settings":{"collection_image_size":"small","default_view_layout":"grid","show_quick_buy":"list","show_quick_view":"list","quick_links":"","filter_type":"tag"}},"recently-viewed-products":{"type":"recently-viewed-products","settings":{"title":"Recently viewed"}},"product-template":{"type":"product-template","settings":{"selector_mode":"block","color_mode":"color","zoom_effect":"outside","carousel_effect":"fade","low_inventory_threshold":0,"tab_page_1_handle":"","tab_page_2_handle":"","tab_page_3_handle":"","custom_security_badge":""}},"product-recommendations":{"type":"product-recommendations","settings":{}},"announcement-bar":{"type":"announcement-bar","settings":{"text_color":"#ffffff","text":"Announce something here","newsletter_button":"Subscribe & Save","newsletter_title":"Newsletter","newsletter_content":"<p>A short sentence describing what someone will receive by subscribing<\/p>"}},"1542984811767":{"type":"featured-collection","settings":{"collection":"","title":"Featured collection","products_count":12,"layout":"vertical","link_title":"View all"}},"1542984842027":{"type":"newsletter","settings":{"title":"Newsletter","content":"<p>A short sentence describing what someone will receive by subscribing<\/p>"}},"1542984882560":{"type":"blog-posts","settings":{"blog":"news","title":"Blog posts"}}},"content_for_index":["slideshow","1542984811767","collection-list","1542984842027","featured-product","1542984882560"]},"Wood":{"heading_color":"#3a2a2f","text_color":"#3a2a2f","accent_color":"#ff6128","link_color":"#ff6128","border_color":"#e7e2de","background":"#f7f4f2","secondary_background":"#ffffff","error_color":"#f71b1b","success_color":"#48b448","primary_button_background":"#ff6128","primary_button_text_color":"#ffffff","secondary_button_background":"#3a2a2f","secondary_button_text_color":"#ffffff","header_background":"#3a2a2f","header_text_color":"#ffffff","header_light_text_color":"#e9e2dd","header_accent_color":"#ff6128","product_on_sale_accent":"#ee0000","product_in_stock_color":"#008a00","product_low_stock_color":"#ee0000","product_sold_out_color":"#d1d1d4","product_label_1_background":"#ff6128","product_label_2_background":"#a95ebe","product_star_color":"#ffb647","base_text_font_size":15,"heading_font":"itc_avant_garde_gothic_n5","text_font":"basic_commercial_n4","underline_links":true,"animation_image_zoom":true,"search_mode":"product,article,page","show_vendor":true,"show_secondary_image":true,"show_discount":true,"discount_mode":"percentage","product_price_position":"after_title","product_image_size":"square","show_color_swatch":false,"show_inventory_quantity":true,"low_inventory_threshold":1,"show_reviews_badge":false,"cart_type":"drawer","cart_empty_button_link":"shopify:\/\/collections\/all","cart_show_free_shipping_threshold":true,"cart_free_shipping_threshold":"50","checkout_logo_position":"center","checkout_logo_size":"medium","checkout_body_background_image":"","checkout_body_background_color":"#fff","checkout_input_background_color_mode":"white","checkout_sidebar_background_image":"","checkout_sidebar_background_color":"#f7f4f2","checkout_heading_font":"-apple-system, BlinkMacSystemFont, 'Segoe UI', Roboto, Helvetica, Arial, sans-serif, 'Apple Color Emoji', 'Segoe UI Emoji', 'Segoe UI Symbol'","checkout_body_font":"-apple-system, BlinkMacSystemFont, 'Segoe UI', Roboto, Helvetica, Arial, sans-serif, 'Apple Color Emoji', 'Segoe UI Emoji', 'Segoe UI Symbol'","checkout_accent_color":"#ff6128","checkout_button_color":"#ff6128","checkout_error_color":"#f71b1b","sections":{"header":{"type":"header","settings":{"logo":"","logo_max_width":140,"mobile_logo_max_width":100,"navigation_menu":"main-menu","desktop_navigation_layout":"inline","desktop_navigation_open_trigger":"hover","navigation_phone_number":"Call us 000-000-0000","navigation_email":"info@yourwebsite.com","search_menu":""}},"footer":{"type":"footer","blocks":{"footer-0":{"type":"text","settings":{"title":"About the shop","content":"<p>Use this text area to tell your customers about your brand and vision. You can change it in the theme settings.<\/p>"}},"footer-1":{"type":"links","settings":{"menu":"footer"}},"footer-2":{"type":"newsletter","settings":{"title":"Newsletter","subheading":"<p>A short sentence describing what someone will receive by subscribing<\/p>"}}},"block_order":["footer-0","footer-1","footer-2"],"settings":{"show_social_media":true,"show_payment_icons":true}},"slideshow":{"type":"slideshow","blocks":{"slide-0":{"type":"image","settings":{"image":"","mobile_image":"","text_color":"#ffffff","title":"Tell your story","content":"Tell your story","content_position":"bottomLeft","button_background":"#ffffff","button_text_color":"#000000","button_text":"Button","link":""}},"slide-1":{"type":"image","settings":{"image":"","mobile_image":"","text_color":"#ffffff","title":"Tell your story","content":"Tell your story","content_position":"bottomLeft","button_background":"#ffffff","button_text_color":"#000000","button_text":"Button","link":""}}},"block_order":["slide-0","slide-1"],"settings":{"edge_to_edge":true,"section_size":"preserve_ratio","cycle_speed":5}},"collection-list":{"type":"collection-list","blocks":{"collection-0":{"type":"collection","settings":{"collection":"","image":""}},"collection-1":{"type":"collection","settings":{"collection":"","image":""}},"collection-2":{"type":"collection","settings":{"collection":"","image":""}},"collection-3":{"type":"collection","settings":{"collection":"","image":""}},"collection-4":{"type":"collection","settings":{"collection":"","image":""}},"collection-5":{"type":"collection","settings":{"collection":"","image":""}}},"block_order":["collection-0","collection-1","collection-2","collection-3","collection-4","collection-5"],"settings":{"title":"Our collections","link_title":"View all","link":"shopify:\/\/collections"}},"collection-template":{"type":"collection-template","settings":{"collection_image_size":"small","default_view_layout":"grid","show_quick_buy":"list","show_quick_view":"list","quick_links":"","filter_type":"tag"}},"recently-viewed-products":{"type":"recently-viewed-products","settings":{"title":"Recently viewed"}},"product-template":{"type":"product-template","settings":{"selector_mode":"block","color_mode":"color","zoom_effect":"outside","carousel_effect":"fade","low_inventory_threshold":0,"tab_page_1_handle":"","tab_page_2_handle":"","tab_page_3_handle":"","custom_security_badge":""}},"product-recommendations":{"type":"product-recommendations","settings":{}},"announcement-bar":{"type":"announcement-bar","settings":{"text_color":"#ffffff","text":"Announce something here","newsletter_button":"Subscribe & Save","newsletter_title":"Newsletter","newsletter_content":"<p>A short sentence describing what someone will receive by subscribing<\/p>"}},"1542984811767":{"type":"featured-collection","settings":{"collection":"","title":"Featured collection","products_count":12,"layout":"vertical","link_title":"View all"}},"1550833441117":{"type":"collection-with-image","settings":{"collection":"","products_count":12,"image":"","text_color":"#ffffff","title":"Our best sellers","content":"Shop our most popular products for this season.","button_background":"#e95d2b","button_text_color":"#ffffff","button_text":"Learn more","button_link":""}},"1555314133560":{"type":"promotion-list","blocks":{"1555314133560-0":{"type":"item","settings":{"image":"","show_overlay":false,"stretch_image":false,"background":"#6f42ef","text_color":"#ffffff","title":"Your heading","content":"Tell more about your product, collection...","button_background":"#ffffff","button_text_color":"#6f42ef","button_text":"Learn more","button_link":""}},"1555314133560-1":{"type":"item","settings":{"image":"","show_overlay":false,"stretch_image":false,"background":"#fc2a68","text_color":"#ffffff","title":"Your heading","content":"Tell more about your product, collection...","button_background":"#ffffff","button_text_color":"#fc2a68","button_text":"Learn more","button_link":""}},"1555314133560-2":{"type":"item","settings":{"image":"","show_overlay":false,"stretch_image":false,"background":"#26c1ce","text_color":"#ffffff","title":"Your heading","content":"Tell more about your product, collection...","button_background":"#ffffff","button_text_color":"#26c1ce","button_text":"Learn more","button_link":""}}},"block_order":["1555314133560-0","1555314133560-1","1555314133560-2"],"settings":{"expand_items":false,"section_size":"medium","stack_mobile":false}},"1542984882560":{"type":"blog-posts","settings":{"blog":"news","title":"Blog posts"}}},"content_for_index":["slideshow","1542984811767","1555314133560","collection-list","1550833441117","1542984882560"]}}}